<?xml version="1.0" encoding="UTF-8"?>
<project-private xmlns="http://www.netbeans.org/ns/project-private/1">
    <editor-bookmarks xmlns="http://www.netbeans.org/ns/editor-bookmarks/2" lastBookmarkId="0"/>
    <open-files xmlns="http://www.netbeans.org/ns/projectui-open-files/2">
        <group>
            <file>file:/C:/Users/Tom/Desktop/Programming/Weiss/src/weiss/core/agent/MetaAgent.java</file>
            <file>file:/C:/Users/Tom/Desktop/Programming/Weiss/src/weiss/core/agent/Portal.java</file>
            <file>file:/C:/Users/Tom/Desktop/Programming/Weiss/src/weiss/core/message/NodeMonitor.java</file>
            <file>file:/C:/Users/Tom/Desktop/Programming/Weiss/src/weiss/core/agent/Router.java</file>
            <file>file:/C:/Users/Tom/Desktop/Programming/Weiss/src/weiss/core/agent/Agent.java</file>
        </group>
    </open-files>
</project-private>
